POS,Player,Runs,BF,SR,4s,6s,Against,Venue,Match Date
1,Virender Sehwag,30,6,500,3,3,DEC,Rajiv Gandhi Intl. Cricket Stadium,22 April 2008
2,Sanath Jayasuriya,26,5,520,2,3,CSK,Wankhede Stadium,14 May 2008
3,MF Maharoof,26,5,520,0,4,RR,Sawai Mansingh Stadium,11 May 2008
4,Rohit Sharma,26,6,433.33,3,2,DC,Rajiv Gandhi Intl. Cricket Stadium,22 April 2008
5,Shane Watson,26,6,433.33,5,1,RCB,M. Chinnaswamy Stadium,26 April 2008
6,Misbah-ul-Haq,24,6,400,1,3,DC,M. Chinnaswamy Stadium,19 May 2008
7,MS Dhoni,23,6,383.33,4,1,RCB,M. Chinnaswamy Stadium,28 April 2008
8,Kamran Akmal,23,6,383.33,1,3,PBKS,IS Bindra Stadium,28 May 2008
9,Albie Morkel,23,6,383.33,1,3,DC,Arun Jaitley Stadium,08 May 2008
10,Brendon McCullum,22,6,366.66,0,3,RCB,M. Chinnaswamy Stadium,18 April 2008
11,Adam Gilchrist,22,5,440,1,3,MI,DY Patil Stadium,27 April 2008
12,Venugopal Rao,22,6,366.66,1,3,KKR,Rajiv Gandhi Intl. Cricket Stadium,11 May 2008
13,Sanath Jayasuriya,22,5,440,2,2,KKR,Wankhede Stadium,16 May 2008
14,Rohit Sharma,21,6,350,1,2,PBKS,IS Bindra Stadium,23 May 2008
15,Virender Sehwag,21,5,420,2,2,DEC,Rajiv Gandhi Intl. Cricket Stadium,22 April 2008
16,Adam Gilchrist,20,6,333.33,2,2,RCB,Rajiv Gandhi Intl. Cricket Stadium,25 May 2008
17,Sanath Jayasuriya,20,6,333.33,2,2,CSK,Wankhede Stadium,14 May 2008
18,David Hussey,20,6,333.33,1,2,DEC,Rajiv Gandhi Intl. Cricket Stadium,11 May 2008
19,Shahid Afridi,20,5,400,2,2,CSK,Chidambaram,06 May 2008
20,Piyush Chawla,20,5,400,3,1,KKR,IS Bindra Stadium,03 May 2008
21,Shaun Pollock,19,4,475,0,3,DC,DY Patil Stadium,04 May 2008
22,Shane Watson,19,5,380,1,2,DC,Wankhede Stadium,30 May 2008
23,Mohammad Kaif,19,5,380,0,3,DEC,Rajiv Gandhi Intl. Cricket Stadium,24 April 2008
24,Adam Gilchrist,19,4,475,0,3,MI,DY Patil Stadium,27 April 2008
25,Adam Gilchrist,19,5,380,1,2,CSK,Chidambaram,06 May 2008
26,Balachandra Akhil,19,4,475,0,3,DEC,Rajiv Gandhi Intl. Cricket Stadium,25 May 2008
27,Robin Uthappa,19,6,316.66,3,1,CSK,Chidambaram,23 April 2008
28,Shaun Marsh,19,5,380,3,1,RCB,IS Bindra Stadium,12 May 2008
29,Rohit Sharma,19,5,380,1,2,DC,Arun Jaitley Stadium,15 May 2008
30,Sanath Jayasuriya,19,6,316.66,0,3,CSK,Wankhede Stadium,14 May 2008
31,Rahul Dravid,18,6,300,0,3,RR,Sawai Mansingh Stadium,17 May 2008
32,Brendon McCullum,18,6,300,3,1,RCB,M. Chinnaswamy Stadium,18 April 2008
33,Virender Sehwag,18,5,360,3,1,MI,Arun Jaitley Stadium,24 May 2008
34,Yuvraj Singh,18,3,600,0,3,RR,IS Bindra Stadium,28 May 2008
35,Shane Watson,18,8,225,2,1,DC,Sawai Mansingh Stadium,11 May 2008
36,Shreevats Goswami,18,6,300,3,1,DC,M. Chinnaswamy Stadium,19 May 2008
37,Virender Sehwag,18,5,360,3,1,RCB,M. Chinnaswamy Stadium,19 May 2008
38,Sanath Jayasuriya,18,5,360,3,1,DEC,Rajiv Gandhi Intl. Cricket Stadium,18 May 2008
39,Mark Boucher,18,5,360,1,2,DC,Arun Jaitley Stadium,30 April 2008
40,Sanath Jayasuriya,18,6,300,3,1,RCB,Wankhede Stadium,20 April 2008
41,Mahela Jayawardena,17,5,340,2,1,DEC,Rajiv Gandhi Intl. Cricket Stadium,01 May 2008
42,Brendon McCullum,17,5,340,1,2,RCB,M. Chinnaswamy Stadium,18 April 2008
43,Misbah-ul-Haq,17,5,340,2,1,DEC,Rajiv Gandhi Intl. Cricket Stadium,25 May 2008
44,Kumar Sangakkara,17,6,283.33,3,0,MI,IS Bindra Stadium,25 April 2008
45,Venugopal Rao,17,5,340,1,2,RCB,Rajiv Gandhi Intl. Cricket Stadium,25 May 2008
46,Subramaniam Badrinath,17,4,425,1,2,PBKS,IS Bindra Stadium,19 April 2008
47,Andrew Symonds,17,6,283.33,2,1,RR,Rajiv Gandhi Intl. Cricket Stadium,24 April 2008
48,Niraj Patel,17,6,283.33,4,0,PBKS,IS Bindra Stadium,28 May 2008
49,Sourav Ganguly,17,5,340,1,2,DEC,Rajiv Gandhi Intl. Cricket Stadium,11 May 2008
50,Sanath Jayasuriya,17,5,340,1,2,PBKS,Wankhede Stadium,21 May 2008
51,Virender Sehwag,17,4,425,1,2,PBKS,Arun Jaitley Stadium,17 May 2008
52,Sourav Ganguly,17,4,425,1,2,PBKS,Eden Gardens,25 May 2008
53,Venugopal Rao,17,4,425,1,2,DC,Arun Jaitley Stadium,15 May 2008
54,Virender Sehwag,17,6,283.33,2,1,CSK,Chidambaram,02 May 2008
55,Yusuf Pathan,17,4,425,1,2,DEC,Rajiv Gandhi Intl. Cricket Stadium,24 April 2008
56,Wriddhiman Saha,16,6,266.66,0,2,PBKS,IS Bindra Stadium,03 May 2008
57,Virender Sehwag,16,5,320,2,1,RCB,Arun Jaitley Stadium,30 April 2008
58,Gautam Gambhir,16,4,400,1,2,DEC,Arun Jaitley Stadium,15 May 2008
59,Rohit Sharma,16,5,320,3,0,PBKS,Rajiv Gandhi Intl. Cricket Stadium,01 May 2008
60,Albie Morkel,16,5,320,2,1,RR,Sawai Mansingh Stadium,04 May 2008
61,Kumar Sangakkara,16,6,266.66,2,1,MI,IS Bindra Stadium,25 April 2008
62,David Hussey,16,5,320,2,1,PBKS,IS Bindra Stadium,03 May 2008
63,Sanath Jayasuriya,16,6,266.66,1,2,RCB,M. Chinnaswamy Stadium,28 May 2008
64,Shane Warne,16,3,533.33,1,2,DEC,Rajiv Gandhi Intl. Cricket Stadium,24 April 2008
65,Cameron White,16,6,266.66,2,1,MI,M. Chinnaswamy Stadium,28 May 2008
66,Dwayne Smith,16,6,266.66,2,1,PBKS,Wankhede Stadium,21 May 2008
67,Brendon McCullum,16,3,533.33,1,2,RCB,M. Chinnaswamy Stadium,18 April 2008
68,Kamran Akmal,16,4,400,2,1,CSK,Chidambaram,24 May 2008
69,Sanath Jayasuriya,16,5,320,1,2,DC,Arun Jaitley Stadium,24 May 2008
70,Adam Gilchrist,16,6,266.66,1,2,KKR,Eden Gardens,20 April 2008
71,Piyush Chawla,15,6,250,3,0,RR,Sawai Mansingh Stadium,21 April 2008
72,Sanath Jayasuriya,15,5,300,2,1,DC,DY Patil Stadium,04 May 2008
73,MS Dhoni,15,5,300,0,2,PBKS,Chidambaram,10 May 2008
74,Graeme Smith,15,4,375,2,1,CSK,Chidambaram,24 May 2008
75,Michael Hussey,15,4,375,2,1,PBKS,IS Bindra Stadium,19 April 2008
76,Kumar Sangakkara,15,5,300,2,1,RR,Sawai Mansingh Stadium,21 April 2008
77,Mark Boucher,15,5,300,2,1,KKR,Eden Gardens,08 May 2008
78,Mohammad Kaif,15,6,250,3,0,KKR,Eden Gardens,20 May 2008
79,Yusuf Pathan,15,5,300,2,1,DEC,Rajiv Gandhi Intl. Cricket Stadium,24 April 2008
80,Yusuf Pathan,15,4,375,2,1,DC,Wankhede Stadium,30 May 2008
81,Yusuf Pathan,15,4,375,2,1,DEC,Sawai Mansingh Stadium,09 May 2008
82,Suresh Raina,15,4,375,2,1,PBKS,Wankhede Stadium,31 May 2008
83,Shaun Marsh,15,6,250,0,2,CSK,Chidambaram,10 May 2008
84,Sourav Ganguly,15,4,375,0,2,PBKS,Eden Gardens,25 May 2008
85,Rahul Dravid,15,4,375,2,1,RR,Sawai Mansingh Stadium,17 May 2008
86,Suresh Raina,15,5,300,2,1,RR,Chidambaram,24 May 2008
87,Brendon McCullum,15,7,214.28,2,1,CSK,Chidambaram,26 April 2008
88,Manpreet Gony,15,4,375,0,2,DEC,Chidambaram,06 May 2008
89,Swapnil Asnodkar,15,6,250,2,1,DC,Wankhede Stadium,30 May 2008
90,Graeme Smith,15,6,250,2,1,RCB,Sawai Mansingh Stadium,17 May 2008
91,Mark Boucher,15,5,300,2,1,PBKS,IS Bindra Stadium,12 May 2008
92,Luke Pomersbach,15,5,300,2,1,MI,Wankhede Stadium,21 May 2008
93,James Hopes,15,5,300,3,0,RR,IS Bindra Stadium,28 May 2008
94,Albie Morkel,15,4,375,2,1,RR,Chidambaram,24 May 2008
95,Virender Sehwag,15,5,300,0,2,CSK,Chidambaram,02 May 2008
96,Andrew Symonds,14,4,350,0,2,RR,Rajiv Gandhi Intl. Cricket Stadium,24 April 2008
97,Abhishek Nayar,14,4,350,0,2,PBKS,Wankhede Stadium,21 May 2008
98,Robin Uthappa,14,5,280,3,0,DC,Arun Jaitley Stadium,24 May 2008
99,Yuvraj Singh,14,6,233.33,2,1,KKR,IS Bindra Stadium,03 May 2008
100,Virender Sehwag,14,4,350,0,2,MI,DY Patil Stadium,04 May 2008
101,Parthiv Patel,14,6,233.33,3,0,PBKS,IS Bindra Stadium,19 April 2008
102,MS Dhoni,14,5,280,1,1,PBKS,Chidambaram,10 May 2008
103,Shaun Marsh,14,6,233.33,3,0,RCB,M. Chinnaswamy Stadium,05 May 2008
104,Laxmi Ratan Shukla,14,3,466.66,2,1,DEC,Rajiv Gandhi Intl. Cricket Stadium,11 May 2008
105,MS Dhoni,14,5,280,2,1,RCB,M. Chinnaswamy Stadium,28 April 2008
106,Swapnil Asnodkar,14,6,233.33,3,0,DC,Wankhede Stadium,30 May 2008
107,Adam Gilchrist,14,6,233.33,3,0,KKR,Rajiv Gandhi Intl. Cricket Stadium,11 May 2008
108,Ross Taylor,14,3,466.66,2,1,RR,M. Chinnaswamy Stadium,26 April 2008
109,Robin Uthappa,14,4,350,0,2,DC,Arun Jaitley Stadium,24 May 2008
110,James Hopes,14,5,280,3,0,CSK,IS Bindra Stadium,19 April 2008
111,VVS Laxman,14,5,280,3,0,RCB,M. Chinnaswamy Stadium,03 May 2008
112,Sanjay Bangar,14,4,350,0,2,RCB,M. Chinnaswamy Stadium,03 May 2008
113,Parthiv Patel,14,7,200,3,0,RCB,Chidambaram,21 May 2008
114,Matthew Hayden,14,6,233.33,2,1,MI,Chidambaram,23 April 2008
115,Rahul Dravid,14,6,233.33,2,1,RR,Sawai Mansingh Stadium,17 May 2008
116,Abhishek Nayar,14,3,466.66,2,1,CSK,Chidambaram,23 April 2008
117,Swapnil Asnodkar,14,5,280,3,0,KKR,Sawai Mansingh Stadium,01 May 2008
118,Suresh Raina,14,5,280,2,1,RR,Chidambaram,24 May 2008
119,Herschelle Gibbs,14,6,233.33,2,1,RCB,Rajiv Gandhi Intl. Cricket Stadium,25 May 2008
120,Yusuf Pathan,14,3,466.66,2,1,KKR,Eden Gardens,20 May 2008
121,Graeme Smith,14,6,233.33,3,0,DC,Wankhede Stadium,30 May 2008
122,Dwayne Bravo,14,5,280,2,1,KKR,Eden Gardens,29 April 2008
123,Shaun Marsh,13,5,260,1,1,DEC,IS Bindra Stadium,23 May 2008
124,Yusuf Pathan,13,3,433.33,0,2,PBKS,IS Bindra Stadium,28 May 2008
125,Sourav Ganguly,13,4,325,0,2,DEC,Rajiv Gandhi Intl. Cricket Stadium,11 May 2008
126,Rahul Dravid,13,5,260,0,2,DEC,M. Chinnaswamy Stadium,03 May 2008
127,Rahul Dravid,13,6,216.66,3,0,PBKS,M. Chinnaswamy Stadium,05 May 2008
128,David Hussey,13,4,325,0,2,RCB,Eden Gardens,08 May 2008
129,Virender Sehwag,13,5,260,3,0,RCB,M. Chinnaswamy Stadium,19 May 2008
130,Venugopal Rao,13,5,260,0,2,MI,Rajiv Gandhi Intl. Cricket Stadium,18 May 2008
131,Stephen Fleming,13,6,216.66,1,1,RCB,Chidambaram,21 May 2008
132,Mahela Jayawardena,13,4,325,3,0,DC,Arun Jaitley Stadium,17 May 2008
133,Herschelle Gibbs,13,5,260,0,2,DC,Arun Jaitley Stadium,15 May 2008
134,MS Dhoni,13,5,260,2,0,KKR,Chidambaram,26 April 2008
135,Yuvraj Singh,13,4,325,0,2,RR,Sawai Mansingh Stadium,21 April 2008
136,James Hopes,13,3,433.33,0,2,CSK,IS Bindra Stadium,19 April 2008
137,Sourav Ganguly,13,4,325,1,1,RR,Sawai Mansingh Stadium,01 May 2008
138,Michael Hussey,13,5,260,0,2,RCB,M. Chinnaswamy Stadium,28 April 2008
139,Cameron White,13,4,325,1,1,KKR,Eden Gardens,08 May 2008
140,Yusuf Pathan,13,4,325,0,2,CSK,DY Patil Stadium,01 June 2008
141,Shane Watson,13,4,325,3,0,DC,Arun Jaitley Stadium,19 April 2008
142,Ross Taylor,13,4,325,0,2,MI,Wankhede Stadium,20 April 2008
143,Gautam Gambhir,13,4,325,3,0,CSK,Arun Jaitley Stadium,08 May 2008
144,Andrew Symonds,13,4,325,0,2,KKR,Eden Gardens,20 April 2008
145,Misbah-ul-Haq,13,5,260,1,1,DC,M. Chinnaswamy Stadium,19 May 2008
146,Gautam Gambhir,13,5,260,3,0,RCB,Arun Jaitley Stadium,30 April 2008
147,Subramaniam Badrinath,13,5,260,0,2,PBKS,Chidambaram,10 May 2008
148,Michael Hussey,13,4,325,1,1,PBKS,IS Bindra Stadium,19 April 2008
149,Yusuf Pathan,13,4,325,3,0,PBKS,IS Bindra Stadium,28 May 2008
150,Stephen Fleming,13,5,260,1,1,RCB,Chidambaram,21 May 2008