POS,Player,Runs,BF,SR,4s,6s,Against,Venue,Match Date
1,Kieron Pollard,87,34,255.88,6,8,CSK,Arun Jaitley Stadium,01 May 2021
2,KL Rahul,98,42,233.33,7,8,CSK,Dubai International Stadium,07 October 2021
3,Jos Buttler,124,64,193.75,11,8,SRH,Arun Jaitley Stadium,02 May 2021
4,Ambati Rayudu,72,27,266.66,4,7,MI,Arun Jaitley Stadium,01 May 2021
5,Sanju Samson,119,63,188.88,12,7,PBKS,Wankhede Stadium,12 April 2021
6,Andre Russell,54,22,245.45,3,6,CSK,Wankhede Stadium,21 April 2021
7,Deepak Hooda,64,28,228.57,4,6,RR,Wankhede Stadium,12 April 2021
8,Devdutt Padikkal,101,52,194.23,11,6,RR,Wankhede Stadium,22 April 2021
9,Pat Cummins,66,34,194.11,4,6,CSK,Wankhede Stadium,21 April 2021
10,Ravindra Jadeja,62,28,221.42,4,5,RCB,Wankhede Stadium,25 April 2021
11,KL Rahul,91,50,182,7,5,RR,Wankhede Stadium,12 April 2021
12,AB de Villiers,75,42,178.57,3,5,DC,Narendra Modi Stadium,27 April 2021
13,Ruturaj Gaikwad,101,60,168.33,9,5,RR,Zayed Cricket Stadium,02 October 2021
14,Jason Holder,47,29,162.06,0,5,PBKS,Sharjah Cricket Stadium,25 September 2021
15,Moeen Ali,58,36,161.11,5,5,MI,Arun Jaitley Stadium,01 May 2021
16,KL Rahul,91,57,159.64,7,5,RCB,Narendra Modi Stadium,30 April 2021
17,Ishan Kishan,84,32,262.5,11,4,SRH,Zayed Cricket Stadium,08 October 2021
18,Mahipal Lomror,43,17,252.94,2,4,PBKS,Dubai International Stadium,21 September 2021
19,Shimron Hetmyer,53,25,212,2,4,RCB,Narendra Modi Stadium,27 April 2021
20,Jonny Bairstow,38,18,211.11,3,4,DC,Chidambaram,25 April 2021
21,Chris Morris,36,18,200,0,4,DC,Wankhede Stadium,15 April 2021
22,Jonny Bairstow,43,22,195.45,3,4,MI,Chidambaram,17 April 2021
23,Mayank Agarwal,69,36,191.66,7,4,DC,Wankhede Stadium,18 April 2021
24,Faf du Plessis,50,28,178.57,2,4,MI,Arun Jaitley Stadium,01 May 2021
25,Glenn Maxwell,57,33,172.72,3,4,PBKS,Sharjah Cricket Stadium,03 October 2021
26,Mayank Agarwal,99,58,170.68,8,4,DC,Narendra Modi Stadium,02 May 2021
27,Andre Russell,45,27,166.66,2,4,DC,Narendra Modi Stadium,29 April 2021
28,Faf du Plessis,95,60,158.33,9,4,KKR,Wankhede Stadium,21 April 2021
29,Ruturaj Gaikwad,64,42,152.38,6,4,KKR,Wankhede Stadium,21 April 2021
30,Shivam Dube,64,42,152.38,4,4,CSK,Zayed Cricket Stadium,02 October 2021
31,Ruturaj Gaikwad,88,58,151.72,9,4,MI,Dubai International Stadium,19 September 2021
32,K.S Bharat,78,52,150,3,4,DC,Dubai International Stadium,08 October 2021
33,Suresh Raina,54,36,150,3,4,DC,Wankhede Stadium,10 April 2021
34,Nitish Rana,80,56,142.85,9,4,SRH,Chidambaram,11 April 2021
35,Dwayne Bravo,23,8,287.5,0,3,MI,Dubai International Stadium,19 September 2021
36,Yashasvi Jaiswal,50,21,238.09,6,3,CSK,Zayed Cricket Stadium,02 October 2021
37,Riyan Parag,25,11,227.27,1,3,PBKS,Wankhede Stadium,12 April 2021
38,AB de Villiers,76,34,223.52,9,3,KKR,Chidambaram,18 April 2021
39,Robin Uthappa,31,15,206.66,0,3,KKR,Dubai International Stadium,15 October 2021
40,Suryakumar Yadav,82,40,205,13,3,SRH,Zayed Cricket Stadium,08 October 2021
41,Ishan Kishan,50,25,200,5,3,RR,Sharjah Cricket Stadium,05 October 2021
42,Prithvi Shaw,82,41,200,11,3,KKR,Narendra Modi Stadium,29 April 2021
43,Prithvi Shaw,72,38,189.47,9,3,CSK,Wankhede Stadium,10 April 2021
44,Moeen Ali,37,20,185,2,3,KKR,Dubai International Stadium,15 October 2021
45,Prithvi Shaw,39,22,177.27,3,3,PBKS,Narendra Modi Stadium,02 May 2021
46,Venkatesh Iyer,53,30,176.66,4,3,MI,Zayed Cricket Stadium,23 September 2021
47,Prithvi Shaw,60,34,176.47,7,3,CSK,Dubai International Stadium,10 October 2021
48,Rahul Tripathi,74,42,176.19,8,3,MI,Zayed Cricket Stadium,23 September 2021
49,Sunil Narine,26,15,173.33,0,3,RCB,Sharjah Cricket Stadium,11 October 2021
50,Chris Jordan,30,18,166.66,1,3,KKR,Narendra Modi Stadium,26 April 2021
51,Glenn Maxwell,78,49,159.18,9,3,KKR,Chidambaram,18 April 2021
52,Kieron Pollard,35,22,159.09,1,3,SRH,Chidambaram,17 April 2021
53,Ambati Rayudu,27,17,158.82,0,3,RR,Wankhede Stadium,19 April 2021
54,Evin Lewis,58,37,156.75,5,3,RCB,Dubai International Stadium,29 September 2021
55,Venkatesh Iyer,50,32,156.25,5,3,CSK,Dubai International Stadium,15 October 2021
56,Virat Kohli,72,47,153.19,6,3,RR,Wankhede Stadium,22 April 2021
57,Glenn Maxwell,56,37,151.35,6,3,MI,Dubai International Stadium,26 September 2021
58,Mayank Agarwal,40,27,148.14,3,3,KKR,Dubai International Stadium,01 October 2021
59,Rohit Sharma,44,30,146.66,3,3,DC,Chidambaram,20 April 2021
60,Faf du Plessis,86,59,145.76,7,3,KKR,Dubai International Stadium,15 October 2021
61,Glenn Maxwell,59,41,143.9,5,3,SRH,Chidambaram,14 April 2021
62,Sanju Samson,82,57,143.85,7,3,SRH,Dubai International Stadium,27 September 2021
63,Ruturaj Gaikwad,40,28,142.85,2,3,KKR,Zayed Cricket Stadium,26 September 2021
64,Chris Lynn,49,35,140,4,3,RCB,Chidambaram,09 April 2021
65,Devdutt Padikkal,70,50,140,5,3,CSK,Sharjah Cricket Stadium,24 September 2021
66,Abdul Samad,25,18,138.88,0,3,KKR,Dubai International Stadium,03 October 2021
67,Manish Pandey,61,44,138.63,2,3,KKR,Chidambaram,11 April 2021
68,Jonny Bairstow,55,40,137.5,5,3,KKR,Chidambaram,11 April 2021
69,Venkatesh Iyer,55,41,134.14,4,3,DC,Sharjah Cricket Stadium,13 October 2021
70,Suresh Raina,24,18,133.33,1,3,RCB,Wankhede Stadium,25 April 2021
71,Quinton de Kock,55,42,130.95,4,3,KKR,Zayed Cricket Stadium,23 September 2021
72,Jos Buttler,41,32,128.12,3,3,MI,Arun Jaitley Stadium,29 April 2021
73,Virat Kohli,51,42,121.42,3,3,MI,Dubai International Stadium,26 September 2021
74,KL Rahul,60,52,115.38,3,3,MI,Chidambaram,23 April 2021
75,Jonny Bairstow,63,56,112.5,3,3,PBKS,Chidambaram,21 April 2021
76,Shimron Hetmyer,16,4,400,1,2,PBKS,Narendra Modi Stadium,02 May 2021
77,Mohammad Nabi,17,5,340,1,2,RR,Arun Jaitley Stadium,02 May 2021
78,Ravindra Jadeja,22,8,275,2,2,KKR,Zayed Cricket Stadium,26 September 2021
79,Shahrukh Khan,22,9,244.44,1,2,KKR,Dubai International Stadium,01 October 2021
80,Harshal Patel,31,13,238.46,3,2,PBKS,Narendra Modi Stadium,30 April 2021
81,Abdul Samad,19,8,237.5,0,2,KKR,Chidambaram,11 April 2021
82,Shubman Gill,21,9,233.33,2,2,RCB,Chidambaram,18 April 2021
83,Hardik Pandya,16,7,228.57,0,2,CSK,Arun Jaitley Stadium,01 May 2021
84,Devdutt Padikkal,34,15,226.66,4,2,CSK,Wankhede Stadium,25 April 2021
85,Sam Curran,34,15,226.66,4,2,DC,Wankhede Stadium,10 April 2021
86,Evin Lewis,27,12,225,2,2,CSK,Zayed Cricket Stadium,02 October 2021
87,Sunil Narine,21,10,210,1,2,DC,Sharjah Cricket Stadium,28 September 2021
88,Moeen Ali,25,12,208.33,2,2,KKR,Wankhede Stadium,21 April 2021
89,Faf du Plessis,33,17,194.11,4,2,RR,Wankhede Stadium,19 April 2021
90,Chris Gayle,46,24,191.66,6,2,RCB,Narendra Modi Stadium,30 April 2021
91,Prithvi Shaw,32,17,188.23,3,2,PBKS,Wankhede Stadium,18 April 2021
92,Shikhar Dhawan,92,49,187.75,13,2,PBKS,Wankhede Stadium,18 April 2021
93,Rahul Tripathi,53,29,182.75,5,2,SRH,Chidambaram,11 April 2021
94,AB de Villiers,48,27,177.77,4,2,MI,Chidambaram,09 April 2021
95,Rahul Tewatia,40,23,173.91,4,2,RCB,Wankhede Stadium,22 April 2021
96,Nitish Rana,31,18,172.22,2,2,PBKS,Dubai International Stadium,01 October 2021
97,Shimron Hetmyer,17,10,170,0,2,KKR,Sharjah Cricket Stadium,13 October 2021
98,Rohit Sharma,22,13,169.23,1,2,RR,Sharjah Cricket Stadium,05 October 2021
99,Deepak Hooda,22,13,169.23,0,2,DC,Wankhede Stadium,18 April 2021
100,Manish Pandey,69,41,168.29,7,2,MI,Zayed Cricket Stadium,08 October 2021
101,Dinesh Karthik,40,24,166.66,4,2,CSK,Wankhede Stadium,21 April 2021
102,Rishabh Pant,35,21,166.66,3,2,SRH,Dubai International Stadium,22 September 2021
103,Glenn Maxwell,40,25,160,3,2,SRH,Zayed Cricket Stadium,06 October 2021
104,Yashasvi Jaiswal,32,20,160,2,2,MI,Arun Jaitley Stadium,29 April 2021
105,Shikhar Dhawan,85,54,157.4,10,2,CSK,Wankhede Stadium,10 April 2021
106,Mayank Agarwal,67,43,155.81,7,2,RR,Dubai International Stadium,21 September 2021
107,Suryakumar Yadav,56,36,155.55,7,2,KKR,Chidambaram,13 April 2021
108,Andre Russell,31,20,155,3,2,RCB,Chidambaram,18 April 2021
109,Manish Pandey,31,20,155,3,2,RR,Arun Jaitley Stadium,02 May 2021
110,Prithvi Shaw,48,31,154.83,4,2,RCB,Dubai International Stadium,08 October 2021
111,Shivam Mavi,20,13,153.84,1,2,CSK,Dubai International Stadium,15 October 2021
112,Krunal Pandya,39,26,150,2,2,RR,Arun Jaitley Stadium,29 April 2021
113,Moeen Ali,36,24,150,4,2,DC,Wankhede Stadium,10 April 2021
114,KL Rahul,49,33,148.48,4,2,RR,Dubai International Stadium,21 September 2021
115,Harpreet Brar,25,17,147.05,1,2,RCB,Narendra Modi Stadium,30 April 2021
116,Shikhar Dhawan,69,47,146.8,6,2,PBKS,Narendra Modi Stadium,02 May 2021
117,Rishabh Pant,51,35,145.71,3,2,CSK,Dubai International Stadium,10 October 2021
118,Nicholas Pooran,32,22,145.45,1,2,RR,Dubai International Stadium,21 September 2021
119,Sanju Samson,48,33,145.45,4,2,SRH,Arun Jaitley Stadium,02 May 2021
120,David Miller,62,43,144.18,7,2,DC,Wankhede Stadium,15 April 2021
121,Ambati Rayudu,23,16,143.75,1,2,DC,Wankhede Stadium,10 April 2021
122,Shivam Dube,46,32,143.75,5,2,RCB,Wankhede Stadium,22 April 2021
123,Robin Uthappa,63,44,143.18,7,2,DC,Dubai International Stadium,10 October 2021
124,Chris Gayle,40,28,142.85,4,2,RR,Wankhede Stadium,12 April 2021
125,Rajat Patidar,31,22,140.9,0,2,DC,Narendra Modi Stadium,27 April 2021
126,Yashasvi Jaiswal,31,22,140.9,3,2,RCB,Dubai International Stadium,29 September 2021
127,Jos Buttler,49,35,140,5,2,CSK,Wankhede Stadium,19 April 2021
128,Quinton de Kock,70,50,140,6,2,RR,Arun Jaitley Stadium,29 April 2021
129,Ruturaj Gaikwad,70,50,140,5,2,DC,Dubai International Stadium,10 October 2021
130,Glenn Maxwell,39,28,139.28,3,2,MI,Chidambaram,09 April 2021
131,Krunal Pandya,32,23,139.13,2,2,CSK,Arun Jaitley Stadium,01 May 2021
132,Rahul Tripathi,36,26,138.46,1,2,RR,Wankhede Stadium,24 April 2021
133,Faf du Plessis,76,55,138.18,8,2,PBKS,Dubai International Stadium,07 October 2021
134,Yashasvi Jaiswal,49,36,136.11,6,2,PBKS,Dubai International Stadium,21 September 2021
135,Mayank Agarwal,57,42,135.71,6,2,RCB,Sharjah Cricket Stadium,03 October 2021
136,Shreyas Iyer,43,32,134.37,1,2,RR,Zayed Cricket Stadium,25 September 2021
137,Nitish Rana,36,27,133.33,2,2,DC,Sharjah Cricket Stadium,28 September 2021
138,K.S Bharat,32,24,133.33,2,2,MI,Dubai International Stadium,26 September 2021
139,Rahul Tewatia,20,15,133.33,0,2,CSK,Wankhede Stadium,19 April 2021
140,Hardik Pandya,40,30,133.33,4,2,PBKS,Zayed Cricket Stadium,28 September 2021
141,Shimron Hetmyer,29,22,131.81,2,2,RCB,Dubai International Stadium,08 October 2021
142,Shahrukh Khan,47,36,130.55,4,2,CSK,Wankhede Stadium,16 April 2021
143,Moeen Ali,26,20,130,1,2,RR,Wankhede Stadium,19 April 2021
144,Shahrukh Khan,22,17,129.41,0,2,SRH,Chidambaram,21 April 2021
145,Rohit Sharma,32,25,128,2,2,SRH,Chidambaram,17 April 2021
146,Ambati Rayudu,55,43,127.9,5,2,DC,Dubai International Stadium,04 October 2021
147,Moeen Ali,23,18,127.77,0,2,RCB,Sharjah Cricket Stadium,24 September 2021
148,AB de Villiers,23,18,127.77,1,2,PBKS,Sharjah Cricket Stadium,03 October 2021
149,Shubman Gill,56,44,127.27,4,2,RR,Sharjah Cricket Stadium,07 October 2021
150,Suryakumar Yadav,33,26,126.92,2,2,DC,Sharjah Cricket Stadium,02 October 2021