POS,Player,Ov,Runs,Wkts,SR,Against,Venue,Match Date
1,Josh Hazlewood,4,64,0,0,PBKS,Brabourne - CCI,13 May 2022
2,Marco Jansen,4,63,0,0,GT,Wankhede Stadium,27 April 2022
3,Avesh Khan,4,60,0,0,KKR,DY Patil Stadium,18 May 2022
4,T Natarajan,4,60,0,0,MI,Wankhede Stadium,17 May 2022
5,Mohammed Siraj,4,59,2,12,PBKS,DY Patil Stadium,27 March 2022
6,Chris Jordan,3.5,58,0,0,GT,Maharashtra Cricket Association Stadium,17 April 2022
7,Akash Deep,4,58,0,0,CSK,DY Patil Stadium,12 April 2022
8,Daniel Sams,4,57,0,0,DC,Brabourne - CCI,27 March 2022
9,Tim Southee,4,57,0,0,LSG,DY Patil Stadium,18 May 2022
10,Tymal Mills,3,54,0,0,LSG,Brabourne - CCI,16 April 2022
11,Dushmantha Chameera,4,54,0,0,RCB,Eden Gardens,25 May 2022
12,Obed McCoy,3,52,1,18,DC,Wankhede Stadium,22 April 2022
13,Umran Malik,4,52,0,0,DC,Brabourne - CCI,05 May 2022
14,Mukesh Choudhary,4,52,1,24,PBKS,Brabourne - CCI,03 April 2022
15,Odean Smith,4,52,0,0,RCB,DY Patil Stadium,27 March 2022
16,Lockie Ferguson,4,52,0,0,SRH,Wankhede Stadium,27 April 2022
17,Pat Cummins,4,51,0,0,DC,Brabourne - CCI,10 April 2022
18,Kuldeep Sen,4,51,1,24,GT,DY Patil Stadium,14 April 2022
19,Shivam Mavi,4,50,1,24,LSG,Maharashtra Cricket Association Stadium,07 May 2022
20,Kagiso Rabada,4,50,1,24,RR,Wankhede Stadium,07 May 2022
21,Jason Holder,4,50,2,12,RR,Wankhede Stadium,10 April 2022
22,Dwaine Pretorius,4,50,0,0,PBKS,Wankhede Stadium,25 April 2022
23,Nathan Coulter-Nile,3,48,0,0,SRH,Maharashtra Cricket Association Stadium,29 March 2022
24,Jaydev Unadkat,4,48,2,12,CSK,DY Patil Stadium,21 April 2022
25,Mustafizur Rahman,4,48,0,0,RCB,Wankhede Stadium,16 April 2022
26,Umesh Yadav,4,48,1,24,DC,Brabourne - CCI,10 April 2022
27,Trent Boult,4,48,0,0,KKR,Brabourne - CCI,18 April 2022
28,Jasprit Bumrah,4,48,0,0,GT,Brabourne - CCI,06 May 2022
29,Prasidh Krishna,4,48,1,24,PBKS,Wankhede Stadium,07 May 2022
30,Hrithik Shokeen,3,47,2,9,RR,DY Patil Stadium,30 April 2022
31,Washington Sundar,3,47,0,0,RR,Maharashtra Cricket Association Stadium,29 March 2022
32,Fazalhaq Farooqi,4,47,0,0,RCB,Wankhede Stadium,08 May 2022
33,Sean Abbott,4,47,1,24,DC,Brabourne - CCI,05 May 2022
34,Harshal Patel,4,47,2,12,LSG,DY Patil Stadium,19 April 2022
35,Ravi Bishnoi,4,47,0,0,RCB,DY Patil Stadium,19 April 2022
36,Shardul Thakur,4,47,0,0,MI,Brabourne - CCI,27 March 2022
37,Basil Thampi,4,47,2,12,PBKS,Maharashtra Cricket Association Stadium,13 April 2022
38,Khaleel Ahmed,4,47,1,24,RR,Wankhede Stadium,22 April 2022
39,Kieron Pollard,4,46,1,24,RR,DY Patil Stadium,02 April 2022
40,Yash Dayal,4,46,1,24,RR,Eden Gardens,24 May 2022
41,Fabian Allen,4,46,1,24,LSG,Brabourne - CCI,16 April 2022
42,Kuldeep Yadav,4,46,1,24,RCB,Wankhede Stadium,16 April 2022
43,Andre Russell,3,45,0,0,LSG,DY Patil Stadium,18 May 2022
44,Varun Chakaravarthy,3,45,0,0,SRH,Brabourne - CCI,15 April 2022
45,Rashid Khan,4,45,0,0,SRH,Wankhede Stadium,27 April 2022
46,Varun Aaron,4,45,2,12,LSG,Wankhede Stadium,28 March 2022
47,Yuzvendra Chahal,4,45,0,0,RCB,Narendra Modi Stadium,27 May 2022
48,Rahul Chahar,4,44,0,0,MI,Maharashtra Cricket Association Stadium,13 April 2022
49,Riley Meredith,4,44,1,24,SRH,Wankhede Stadium,17 May 2022
50,Chetan Sakariya,4,44,0,0,LSG,Wankhede Stadium,01 May 2022
51,Mohsin Khan,4,43,0,0,RR,Brabourne - CCI,15 May 2022
52,Siddarth Kaul,4,43,0,0,GT,Wankhede Stadium,19 May 2022
53,Vaibhav Arora,4,43,1,24,MI,Maharashtra Cricket Association Stadium,13 April 2022
54,Sai Kishore,4,43,1,24,RR,Eden Gardens,24 May 2022
55,Mohammad Shami,4,43,1,24,RR,Eden Gardens,24 May 2022
56,Wanindu Hasaranga,4,42,1,24,LSG,Eden Gardens,25 May 2022
57,Anrich Nortje,4,42,3,8,CSK,DY Patil Stadium,08 May 2022
58,Dwayne Bravo,4,42,2,12,PBKS,Wankhede Stadium,25 April 2022
59,Kartik Tyagi,4,42,1,24,RCB,Wankhede Stadium,08 May 2022
60,Romario Shepherd,4,42,2,12,LSG,DY Patil Stadium,04 April 2022
61,Alzarri Joseph,4,42,1,24,RCB,Brabourne - CCI,30 April 2022
62,Lalit Yadav,4,41,0,0,RR,Wankhede Stadium,22 April 2022
63,Sandeep Sharma,4,41,0,0,RR,Wankhede Stadium,07 May 2022
64,Shahbaz Ahmed,4,40,1,24,PBKS,Brabourne - CCI,13 May 2022
65,Andrew Tye,4,40,2,12,CSK,Brabourne - CCI,31 March 2022
66,Ravichandran Ashwin,4,40,0,0,GT,Eden Gardens,24 May 2022
67,Axar Patel,4,40,0,0,MI,Brabourne - CCI,27 March 2022
68,Nathan Ellis,4,40,3,8,SRH,Wankhede Stadium,22 May 2022
69,Tushar Deshpande,4,40,1,24,LSG,Brabourne - CCI,31 March 2022
70,Rishi Dhawan,4,39,2,12,CSK,Wankhede Stadium,25 April 2022
71,Krunal Pandya,4,39,1,24,RCB,Eden Gardens,25 May 2022
72,Ravindra Jadeja,4,39,3,8,RCB,DY Patil Stadium,12 April 2022
73,Harpreet Brar,3,38,0,0,RCB,DY Patil Stadium,27 March 2022
74,Jagadeesha Suchith,4,38,1,24,PBKS,Wankhede Stadium,22 May 2022
75,Darshan Nalkande,3,37,2,9,PBKS,Brabourne - CCI,08 April 2022
76,Arshdeep Singh,4,37,3,8,DC,DY Patil Stadium,16 May 2022
77,Hardik Pandya,4,37,0,0,LSG,Wankhede Stadium,28 March 2022
78,Bhuvneshwar Kumar,4,37,2,12,GT,DY Patil Stadium,11 April 2022
79,Mitchell Santner,3,36,1,18,SRH,Maharashtra Cricket Association Stadium,01 May 2022
80,Navdeep Saini,3,36,1,18,RCB,Wankhede Stadium,05 April 2022
81,Aiden Markram,3,36,0,0,CSK,Maharashtra Cricket Association Stadium,01 May 2022
82,Mitchell Marsh,4,36,1,24,SRH,Brabourne - CCI,05 May 2022
83,Murugan Ashwin,4,35,1,24,KKR,DY Patil Stadium,09 May 2022
84,Maheesh Theekshana,4,35,1,24,MI,DY Patil Stadium,21 April 2022
85,Shreyas Gopal,3,34,1,18,DC,Brabourne - CCI,05 May 2022
86,Sunil Narine,4,34,1,24,SRH,Maharashtra Cricket Association Stadium,14 May 2022
87,Kumar Kartikeya Singh,3,32,2,9,KKR,DY Patil Stadium,09 May 2022
88,Mayank Markande,3,31,0,0,SRH,Wankhede Stadium,17 May 2022
89,Deepak Hooda,3,31,1,18,GT,Wankhede Stadium,28 March 2022
90,Krishnappa Gowtham,4,30,2,12,RR,Wankhede Stadium,10 April 2022
91,Ramandeep Singh,2,29,2,6,DC,Wankhede Stadium,21 May 2022
92,Kamlesh Nagarkoti,2,29,0,0,MI,Brabourne - CCI,27 March 2022
93,James Neesham,3,29,0,0,GT,DY Patil Stadium,14 April 2022
94,Glenn Maxwell,3,29,0,0,CSK,DY Patil Stadium,12 April 2022
95,David Willey,4,29,1,24,RR,Wankhede Stadium,05 April 2022
96,Matheesha Pathirana,3.4,28,0,0,RR,Brabourne - CCI,20 May 2022
97,Anukul Roy,4,28,1,24,RR,Wankhede Stadium,02 May 2022
98,Moeen Ali,4,28,2,12,RCB,Maharashtra Cricket Association Stadium,04 May 2022
99,Harshit Rana,2,27,0,0,LSG,Maharashtra Cricket Association Stadium,07 May 2022
100,Liam Livingstone,4,27,3,8,DC,DY Patil Stadium,16 May 2022