POS,Player,Ov,Runs,Wkts,SR,Against,Venue,Match Date
1,Nitish Rana,1,11,2,3,RCB,Eden Gardens,08 April 2018
2,Karn Sharma,1.3,13,2,4.5,RR,Maharashtra Cricket Association's International Stadium,20 April 2018
3,Ankit Rajpoot,4,14,5,4.8,SRH,Rajiv Gandhi Intl. Cricket Stadium,26 April 2018
4,Harshal Patel,2.3,28,3,5,MI,Arun Jaitley Stadium,20 May 2018
5,Basil Thampi,1.5,4,2,5.5,MI,Wankhede Stadium,24 April 2018
6,Kuldeep Yadav,4,20,4,6,RR,Eden Gardens,15 May 2018
7,Prasidh Krishna,4,30,4,6,SRH,Rajiv Gandhi Intl. Cricket Stadium,19 May 2018
8,Andrew Tye,4,16,4,6,MI,Wankhede Stadium,16 May 2018
9,Lungi Ngidi,4,10,4,6,PBKS,Maharashtra Cricket Association's International Stadium,20 May 2018
10,Mayank Markande,4,23,4,6,SRH,Rajiv Gandhi Intl. Cricket Stadium,12 April 2018
11,Shreyas Gopal,4,16,4,6,RCB,Sawai Mansingh Stadium,19 May 2018
12,Andrew Tye,4,41,4,6,KKR,Holkar Cricket Stadium,12 May 2018
13,Andrew Tye,4,34,4,6,RR,Sawai Mansingh Stadium,08 May 2018
14,Rahul Tewatia,3,18,3,6,KKR,Eden Gardens,16 April 2018
15,Sunil Narine,3,18,3,6,DC,Eden Gardens,16 April 2018
16,Hardik Pandya,3,28,3,6,RCB,M. Chinnaswamy Stadium,01 May 2018
17,Andre Russell,3,31,3,6,RCB,M. Chinnaswamy Stadium,29 April 2018
18,Dwayne Bravo,2,16,2,6,RR,Maharashtra Cricket Association's International Stadium,20 April 2018
19,Andre Russell,2,12,2,6,MI,Wankhede Stadium,06 May 2018
20,Ben Laughlin,2,20,2,6,DC,Sawai Mansingh Stadium,11 April 2018
21,Ben Laughlin,2,15,2,6,RCB,Sawai Mansingh Stadium,19 May 2018
22,Nitish Rana,2,11,2,6,RR,Sawai Mansingh Stadium,18 April 2018
23,Glenn Maxwell,2,22,2,6,KKR,Arun Jaitley Stadium,27 April 2018
24,Tom Curran,2,19,2,6,RR,Sawai Mansingh Stadium,18 April 2018
25,Vinay Kumar,2,30,2,6,RCB,Eden Gardens,08 April 2018
26,Carlos Brathwaite,2,15,2,6,KKR,Eden Gardens,25 May 2018
27,Kuldeep Yadav,3.2,32,3,6.66,DC,Eden Gardens,16 April 2018
28,Basil Thampi,2.2,14,2,7,PBKS,Rajiv Gandhi Intl. Cricket Stadium,26 April 2018
29,Jofra Archer,4,22,3,8,MI,Sawai Mansingh Stadium,22 April 2018
30,Amit Mishra,4,19,3,8,MI,Arun Jaitley Stadium,20 May 2018
31,Tim Southee,4,30,3,8,SRH,Rajiv Gandhi Intl. Cricket Stadium,07 May 2018
32,Ravindra Jadeja,4,18,3,8,RCB,Maharashtra Cricket Association's International Stadium,05 May 2018
33,Liam Plunkett,4,17,3,8,PBKS,Arun Jaitley Stadium,23 April 2018
34,Deepak Chahar,4,15,3,8,SRH,Rajiv Gandhi Intl. Cricket Stadium,22 April 2018
35,Piyush Chawla,4,48,3,8,MI,Eden Gardens,09 May 2018
36,Siddarth Kaul,4,23,3,8,MI,Wankhede Stadium,24 April 2018
37,Umesh Yadav,4,23,3,8,PBKS,Holkar Cricket Stadium,14 May 2018
38,Chris Woakes,4,36,3,8,KKR,Eden Gardens,08 April 2018
39,Mayank Markande,4,23,3,8,CSK,Wankhede Stadium,07 April 2018
40,Jofra Archer,4,26,3,8,SRH,Sawai Mansingh Stadium,29 April 2018
41,Shreyas Gopal,4,20,3,8,CSK,Maharashtra Cricket Association's International Stadium,20 April 2018
42,Mujeeb Ur Rahman,4,27,3,8,RR,Holkar Cricket Stadium,06 May 2018
43,Rashid Khan,4,27,3,8,RCB,M. Chinnaswamy Stadium,17 May 2018
44,Ben Stokes,4,15,3,8,KKR,Eden Gardens,15 May 2018
45,Andre Russell,4,41,3,8,PBKS,Holkar Cricket Stadium,12 May 2018
46,Hardik Pandya,4,24,3,8,CSK,Wankhede Stadium,07 April 2018
47,Umesh Yadav,4,23,3,8,PBKS,M. Chinnaswamy Stadium,13 April 2018
48,Rashid Khan,4,19,3,8,PBKS,Rajiv Gandhi Intl. Cricket Stadium,26 April 2018
49,Jaydev Unadkat,4,46,3,8,DC,Arun Jaitley Stadium,02 May 2018
50,Sandeep Lamichhane,4,36,3,8,MI,Arun Jaitley Stadium,20 May 2018
51,Mohammed Siraj,4,25,3,8,SRH,Rajiv Gandhi Intl. Cricket Stadium,07 May 2018
52,Mustafizur Rahman,4,24,3,8,SRH,Rajiv Gandhi Intl. Cricket Stadium,12 April 2018
53,Bhuvneshwar Kumar,4,26,3,8,KKR,Eden Gardens,14 April 2018
54,Umesh Yadav,4,25,3,8,RR,Sawai Mansingh Stadium,19 May 2018
55,Jasprit Bumrah,4,15,3,8,PBKS,Wankhede Stadium,16 May 2018
56,Rashid Khan,4,19,3,8,KKR,Eden Gardens,25 May 2018
57,Krunal Pandya,4,28,3,8,RCB,Wankhede Stadium,17 April 2018
58,Hardik Pandya,2.4,25,2,8,RR,Sawai Mansingh Stadium,22 April 2018
59,Carlos Brathwaite,2.4,21,2,8,KKR,Rajiv Gandhi Intl. Cricket Stadium,19 May 2018
60,Dan Christian,3,35,2,9,MI,Wankhede Stadium,14 April 2018
61,Mitchell McClenaghan,3,24,2,9,RCB,Wankhede Stadium,17 April 2018
62,Shardul Thakur,3,33,2,9,PBKS,IS Bindra Stadium,15 April 2018
63,Hardik Pandya,3,16,2,9,KKR,Eden Gardens,09 May 2018
64,Shakib Al Hasan,3,18,2,9,PBKS,Rajiv Gandhi Intl. Cricket Stadium,26 April 2018
65,Ben Laughlin,3,35,2,9,KKR,Eden Gardens,23 May 2018
66,KM Asif,3,43,2,9,DC,Maharashtra Cricket Association's International Stadium,30 April 2018
67,Krunal Pandya,3,21,2,9,DC,Wankhede Stadium,14 April 2018
68,Krishnappa Gowtham,3,12,2,9,PBKS,Sawai Mansingh Stadium,08 May 2018
69,Ravichandran Ashwin,3,18,2,9,MI,Wankhede Stadium,16 May 2018
70,Tom Curran,3,39,2,9,CSK,Chidambaram,10 April 2018
71,Mayank Markande,3,15,2,9,SRH,Wankhede Stadium,24 April 2018
72,Trent Boult,3,26,2,9,RR,Arun Jaitley Stadium,02 May 2018
73,Shardul Thakur,3,18,2,9,RR,Maharashtra Cricket Association's International Stadium,20 April 2018
74,Lungi Ngidi,3,14,2,9,DC,Arun Jaitley Stadium,18 May 2018
75,Umesh Yadav,3,15,2,9,CSK,Maharashtra Cricket Association's International Stadium,05 May 2018
76,Krishnappa Gowtham,3,15,2,9,KKR,Eden Gardens,23 May 2018
77,Mitchell McClenaghan,3,22,2,9,SRH,Wankhede Stadium,24 April 2018
78,Sandeep Sharma,3,30,2,9,CSK,Wankhede Stadium,22 May 2018
79,Andre Russell,3,13,2,9,RR,Eden Gardens,15 May 2018
80,Trent Boult,3,21,2,9,PBKS,Arun Jaitley Stadium,23 April 2018
81,Yuzvendra Chahal,3,22,2,9,DC,M. Chinnaswamy Stadium,21 April 2018
82,Hardik Pandya,3,20,2,9,SRH,Wankhede Stadium,24 April 2018
83,Krunal Pandya,3.1,12,2,9.5,KKR,Eden Gardens,09 May 2018
84,Chris Woakes,3.2,36,2,10,PBKS,M. Chinnaswamy Stadium,13 April 2018
85,Jaydev Unadkat,3.2,27,2,10,RCB,Sawai Mansingh Stadium,19 May 2018
86,Shardul Thakur,3.4,33,2,11,PBKS,Maharashtra Cricket Association's International Stadium,20 May 2018
87,Mohit Sharma,4,33,2,12,DC,IS Bindra Stadium,08 April 2018
88,Chris Woakes,4,47,2,12,RR,M. Chinnaswamy Stadium,15 April 2018
89,Murugan Ashwin,4,36,2,12,KKR,M. Chinnaswamy Stadium,29 April 2018
90,Jofra Archer,4,42,2,12,CSK,Sawai Mansingh Stadium,11 May 2018
91,Amit Mishra,4,23,2,12,KKR,Arun Jaitley Stadium,27 April 2018
92,Amit Mishra,4,20,2,12,CSK,Arun Jaitley Stadium,18 May 2018
93,Sandeep Sharma,4,25,2,12,MI,Rajiv Gandhi Intl. Cricket Stadium,12 April 2018
94,Krishnappa Gowtham,4,23,2,12,KKR,Sawai Mansingh Stadium,18 April 2018
95,Shardul Thakur,4,46,2,12,RCB,M. Chinnaswamy Stadium,25 April 2018
96,Piyush Chawla,4,24,2,12,RR,Eden Gardens,23 May 2018
97,Siddarth Kaul,4,17,2,12,RR,Rajiv Gandhi Intl. Cricket Stadium,09 April 2018
98,Trent Boult,4,29,2,12,KKR,Eden Gardens,16 April 2018
99,Mohammed Siraj,4,28,2,12,MI,M. Chinnaswamy Stadium,01 May 2018
100,Trent Boult,4,40,2,12,RCB,Arun Jaitley Stadium,12 May 2018
101,Dwayne Bravo,4,39,2,12,PBKS,Maharashtra Cricket Association's International Stadium,20 May 2018
102,Shane Watson,4,29,2,12,MI,Wankhede Stadium,07 April 2018
103,Shakib Al Hasan,4,21,2,12,KKR,Eden Gardens,14 April 2018
104,Siddarth Kaul,4,23,2,12,RR,Sawai Mansingh Stadium,29 April 2018
105,Washington Sundar,4,22,2,12,PBKS,M. Chinnaswamy Stadium,13 April 2018
106,Ben Laughlin,4,38,2,12,CSK,Maharashtra Cricket Association's International Stadium,20 April 2018
107,Siddarth Kaul,4,44,2,12,RCB,M. Chinnaswamy Stadium,17 May 2018
108,Piyush Chawla,4,35,2,12,CSK,Eden Gardens,03 May 2018
109,Rashid Khan,4,11,2,12,CSK,Wankhede Stadium,22 May 2018
110,Ankit Rajpoot,4,23,2,12,DC,Arun Jaitley Stadium,23 April 2018
111,Mohammed Siraj,4,40,2,12,KKR,M. Chinnaswamy Stadium,29 April 2018
112,Prasidh Krishna,4,31,2,12,PBKS,Holkar Cricket Stadium,12 May 2018
113,Rahul Tewatia,4,36,2,12,MI,Wankhede Stadium,14 April 2018
114,Avesh Khan,4,29,2,12,KKR,Arun Jaitley Stadium,27 April 2018
115,Shakib Al Hasan,4,36,2,12,RCB,Rajiv Gandhi Intl. Cricket Stadium,07 May 2018
116,Siddarth Kaul,4,29,2,12,MI,Rajiv Gandhi Intl. Cricket Stadium,12 April 2018
117,Dwayne Bravo,4,33,2,12,RCB,M. Chinnaswamy Stadium,25 April 2018
118,Amit Mishra,4,19,2,12,SRH,Rajiv Gandhi Intl. Cricket Stadium,05 May 2018
119,Kuldeep Yadav,4,29,2,12,SRH,Eden Gardens,25 May 2018
120,Shakib Al Hasan,4,23,2,12,RR,Rajiv Gandhi Intl. Cricket Stadium,09 April 2018
121,Avesh Khan,4,36,2,12,PBKS,Arun Jaitley Stadium,23 April 2018
122,Umesh Yadav,4,29,2,12,MI,M. Chinnaswamy Stadium,01 May 2018
123,Shardul Thakur,4,32,2,12,SRH,Maharashtra Cricket Association's International Stadium,13 May 2018
124,Sunil Narine,4,17,2,12,SRH,Eden Gardens,14 April 2018
125,Jasprit Bumrah,4,28,2,12,RR,Sawai Mansingh Stadium,22 April 2018
126,Siddarth Kaul,4,26,2,12,KKR,Rajiv Gandhi Intl. Cricket Stadium,19 May 2018
127,Jasprit Bumrah,4,28,2,12,RCB,Wankhede Stadium,17 April 2018
128,Mujeeb Ur Rahman,4,37,2,12,MI,Holkar Cricket Stadium,04 May 2018
129,Umesh Yadav,4,27,2,12,KKR,Eden Gardens,08 April 2018
130,Imran Tahir,4,34,2,12,PBKS,IS Bindra Stadium,15 April 2018
131,Mujeeb Ur Rahman,4,25,2,12,DC,Arun Jaitley Stadium,23 April 2018
132,Ankit Rajpoot,4,19,2,12,CSK,Maharashtra Cricket Association's International Stadium,20 May 2018
133,Andrew Tye,4,30,2,12,KKR,Eden Gardens,21 April 2018
134,Billy Stanlake,4,42,2,12,MI,Rajiv Gandhi Intl. Cricket Stadium,12 April 2018
135,Imran Tahir,4,35,2,12,RCB,M. Chinnaswamy Stadium,25 April 2018
136,Rashid Khan,4,23,2,12,DC,Rajiv Gandhi Intl. Cricket Stadium,05 May 2018
137,Siddarth Kaul,4,32,2,12,KKR,Eden Gardens,25 May 2018
138,Jofra Archer,4,16,2,12,MI,Wankhede Stadium,13 May 2018
139,Dwayne Bravo,4,25,2,12,SRH,Wankhede Stadium,22 May 2018
140,Shreyas Gopal,4,22,2,12,RCB,M. Chinnaswamy Stadium,15 April 2018
141,Krishnappa Gowtham,4,18,2,12,SRH,Sawai Mansingh Stadium,29 April 2018
142,Andrew Tye,4,24,2,12,RR,Holkar Cricket Stadium,06 May 2018
143,Jasprit Bumrah,4,32,2,12,SRH,Rajiv Gandhi Intl. Cricket Stadium,12 April 2018
144,Corey Anderson,4,47,2,12,MI,Wankhede Stadium,17 April 2018
145,Rashid Khan,4,11,2,12,MI,Wankhede Stadium,24 April 2018
146,Prasidh Krishna,4,35,2,12,RR,Eden Gardens,15 May 2018
147,Andrew Tye,4,47,2,12,CSK,IS Bindra Stadium,15 April 2018
148,Andrew Tye,4,25,2,12,DC,Arun Jaitley Stadium,23 April 2018
149,Ravichandran Ashwin,4,36,2,12,CSK,Maharashtra Cricket Association's International Stadium,20 May 2018
150,Billy Stanlake,4,21,2,12,KKR,Eden Gardens,14 April 2018