,Player,Ov,Runs,Wkts,SR,Against,Venue,Match Date
1,Ravichandran Ashwin,1,2,2,3,PBKS,Dubai International Stadium,20 September 2020
2,Varun Chakaravarthy,4,20,5,4.8,DC,Zayed Cricket Stadium,24 October 2020
3,Pat Cummins,4,34,4,6,RR,Dubai International Stadium,01 November 2020
4,Chris Morris,4,26,4,6,RR,Dubai International Stadium,17 October 2020
5,Jasprit Bumrah,4,20,4,6,RR,Zayed Cricket Stadium,06 October 2020
6,Jasprit Bumrah,4,14,4,6,DC,Dubai International Stadium,05 November 2020
7,Trent Boult,4,18,4,6,CSK,Sharjah Cricket Stadium,23 October 2020
8,Kagiso Rabada,4,29,4,6,SRH,Zayed Cricket Stadium,08 November 2020
9,Kagiso Rabada,4,24,4,6,RCB,Dubai International Stadium,05 October 2020
10,Ravi Bishnoi,3,29,3,6,SRH,Dubai International Stadium,08 October 2020
11,Marcus Stoinis,3,26,3,6,SRH,Zayed Cricket Stadium,08 November 2020
12,Murugan Ashwin,3,21,3,6,RCB,Dubai International Stadium,24 September 2020
13,Sam Curran,3,19,3,6,RCB,Dubai International Stadium,25 October 2020
14,Kamlesh Nagarkoti,2,13,2,6,RR,Dubai International Stadium,30 September 2020
15,Marcus Stoinis,2,17,2,6,RR,Sharjah Cricket Stadium,09 October 2020
16,Trent Boult,2,9,2,6,DC,Dubai International Stadium,05 November 2020
17,Kagiso Rabada,3.4,35,3,7.33,RR,Sharjah Cricket Stadium,09 October 2020
18,Arshdeep Singh,3.5,23,3,7.66,SRH,Dubai International Stadium,24 October 2020
19,Ravichandran Ashwin,4,29,3,8,MI,Dubai International Stadium,05 November 2020
20,Jofra Archer,4,19,3,8,DC,Dubai International Stadium,14 October 2020
21,Rahul Tewatia,4,25,3,8,KKR,Dubai International Stadium,01 November 2020
22,Jasprit Bumrah,4,17,3,8,DC,Dubai International Stadium,31 October 2020
23,Yuzvendra Chahal,4,18,3,8,SRH,Dubai International Stadium,21 September 2020
24,Prasidh Krishna,4,29,3,8,PBKS,Zayed Cricket Stadium,10 October 2020
25,Jasprit Bumrah,4,14,3,8,RCB,Zayed Cricket Stadium,28 October 2020
26,Kagiso Rabada,4,26,3,8,CSK,Dubai International Stadium,25 September 2020
27,Mohammed Siraj,4,8,3,8,KKR,Zayed Cricket Stadium,21 October 2020
28,Jofra Archer,4,24,3,8,DC,Sharjah Cricket Stadium,09 October 2020
29,Lockie Ferguson,4,15,3,8,SRH,Zayed Cricket Stadium,18 October 2020
30,Yuzvendra Chahal,4,24,3,8,RR,Zayed Cricket Stadium,03 October 2020
31,Trent Boult,4,30,3,8,DC,Dubai International Stadium,10 November 2020
32,Lungi Ngidi,4,38,3,8,MI,Zayed Cricket Stadium,19 September 2020
33,Jason Holder,4,25,3,8,RCB,Zayed Cricket Stadium,06 November 2020
34,Dwayne Bravo,4,37,3,8,KKR,Zayed Cricket Stadium,07 October 2020
35,Anrich Nortje,4,33,3,8,RCB,Zayed Cricket Stadium,02 November 2020
36,Ravi Bishnoi,4,32,3,8,RCB,Dubai International Stadium,24 September 2020
37,Pat Cummins,4,17,3,8,DC,Zayed Cricket Stadium,24 October 2020
38,Sam Curran,4,33,3,8,RR,Sharjah Cricket Stadium,22 September 2020
39,Rashid Khan,4,12,3,8,PBKS,Dubai International Stadium,08 October 2020
40,Mohammad Shami,4,53,3,8,RR,Sharjah Cricket Stadium,27 September 2020
41,Jason Holder,4,33,3,8,RR,Dubai International Stadium,22 October 2020
42,Mohammad Shami,4,15,3,8,DC,Dubai International Stadium,20 September 2020
43,Jasprit Bumrah,4,24,3,8,PBKS,Dubai International Stadium,18 October 2020
44,Rahul Tewatia,4,37,3,8,CSK,Sharjah Cricket Stadium,22 September 2020
45,Anrich Nortje,4,33,3,8,KKR,Sharjah Cricket Stadium,03 October 2020
46,Mohammad Shami,4,35,3,8,KKR,Sharjah Cricket Stadium,26 October 2020
47,Chris Jordan,4,17,3,8,SRH,Dubai International Stadium,24 October 2020
48,Trent Boult,4,21,3,8,DC,Dubai International Stadium,31 October 2020
49,Rashid Khan,4,7,3,8,DC,Dubai International Stadium,27 October 2020
50,Rashid Khan,4,14,3,8,DC,Zayed Cricket Stadium,29 September 2020
51,Sandeep Sharma,4,34,3,8,MI,Sharjah Cricket Stadium,03 November 2020
52,Lungi Ngidi,4,39,3,8,PBKS,Zayed Cricket Stadium,01 November 2020
53,Chris Morris,4,19,3,8,CSK,Dubai International Stadium,10 October 2020
54,Anrich Nortje,2.4,25,2,8,MI,Dubai International Stadium,10 November 2020
55,Sheldon Cottrell,3,17,2,9,RCB,Dubai International Stadium,24 September 2020
56,Dwayne Bravo,3,25,2,9,SRH,Dubai International Stadium,13 October 2020
57,Marcus Stoinis,3,29,2,9,PBKS,Dubai International Stadium,20 September 2020
58,Jaydev Unadkat,3,32,2,9,DC,Dubai International Stadium,14 October 2020
59,Shivam Dube,3,15,2,9,SRH,Dubai International Stadium,21 September 2020
60,Khaleel Ahmed,3,24,2,9,PBKS,Dubai International Stadium,08 October 2020
61,Shivam Dube,3,33,2,9,PBKS,Dubai International Stadium,24 September 2020
62,Washington Sundar,3,16,2,9,CSK,Dubai International Stadium,10 October 2020
63,Arshdeep Singh,3,35,2,9,MI,Dubai International Stadium,18 October 2020
64,Yuzvendra Chahal,3.1,19,2,9.5,SRH,Sharjah Cricket Stadium,31 October 2020
65,Mohammed Siraj,3.1,28,2,9.5,MI,Zayed Cricket Stadium,28 October 2020
66,James Pattinson,3.1,19,2,9.5,RR,Zayed Cricket Stadium,06 October 2020
67,James Pattinson,3.2,40,2,10,RR,Zayed Cricket Stadium,25 October 2020
68,T Natarajan,3.5,24,2,11.5,PBKS,Dubai International Stadium,08 October 2020
69,Khaleel Ahmed,3.5,37,2,11.5,RR,Dubai International Stadium,11 October 2020
70,Rahul Chahar,4,26,2,12,PBKS,Zayed Cricket Stadium,01 October 2020
71,T Natarajan,4,40,2,12,KKR,Zayed Cricket Stadium,18 October 2020
72,Chris Jordan,4,25,2,12,KKR,Sharjah Cricket Stadium,26 October 2020
73,Trent Boult,4,34,2,12,RCB,Dubai International Stadium,28 September 2020
74,Shreyas Gopal,4,28,2,12,MI,Zayed Cricket Stadium,06 October 2020
75,Sandeep Sharma,4,29,2,12,PBKS,Dubai International Stadium,24 October 2020
76,Siddarth Kaul,4,64,2,12,MI,Sharjah Cricket Stadium,04 October 2020
77,Chris Morris,4,17,2,12,KKR,Sharjah Cricket Stadium,12 October 2020
78,Rahul Chahar,4,22,2,12,CSK,Sharjah Cricket Stadium,23 October 2020
79,Isuru Udana,4,41,2,12,RR,Zayed Cricket Stadium,03 October 2020
80,Mohammad Shami,4,30,2,12,MI,Dubai International Stadium,18 October 2020
81,Deepak Chahar,4,32,2,12,MI,Zayed Cricket Stadium,19 September 2020
82,Jofra Archer,4,18,2,12,KKR,Dubai International Stadium,30 September 2020
83,Yuzvendra Chahal,4,34,2,12,RR,Dubai International Stadium,17 October 2020
84,Shreyas Gopal,4,30,2,12,MI,Zayed Cricket Stadium,25 October 2020
85,Shahbaz Nadeem,4,19,2,12,MI,Sharjah Cricket Stadium,03 November 2020
86,Anrich Nortje,4,22,2,12,RCB,Dubai International Stadium,05 October 2020
87,Kagiso Rabada,4,33,2,12,KKR,Zayed Cricket Stadium,24 October 2020
88,Trent Boult,4,30,2,12,KKR,Zayed Cricket Stadium,23 September 2020
89,Trent Boult,4,28,2,12,SRH,Sharjah Cricket Stadium,04 October 2020
90,Varun Chakaravarthy,4,20,2,12,CSK,Dubai International Stadium,29 October 2020
91,Jasprit Bumrah,4,18,2,12,PBKS,Zayed Cricket Stadium,01 October 2020
92,Ravi Bishnoi,4,20,2,12,KKR,Sharjah Cricket Stadium,26 October 2020
93,T Natarajan,4,33,2,12,RCB,Zayed Cricket Stadium,06 November 2020
94,Amit Mishra,4,35,2,12,SRH,Zayed Cricket Stadium,29 September 2020
95,Shardul Thakur,4,28,2,12,KKR,Zayed Cricket Stadium,07 October 2020
96,Jason Holder,4,27,2,12,PBKS,Dubai International Stadium,24 October 2020
97,Kagiso Rabada,4,30,2,12,RCB,Zayed Cricket Stadium,02 November 2020
98,Shardul Thakur,4,39,2,12,PBKS,Dubai International Stadium,04 October 2020
99,Washington Sundar,4,20,2,12,KKR,Sharjah Cricket Stadium,12 October 2020
100,Jasprit Bumrah,4,25,2,12,CSK,Sharjah Cricket Stadium,23 October 2020
101,Sunil Narine,4,28,2,12,PBKS,Zayed Cricket Stadium,10 October 2020
102,Deepak Chahar,4,18,2,12,RR,Zayed Cricket Stadium,19 October 2020
103,Yuzvendra Chahal,4,37,2,12,MI,Zayed Cricket Stadium,28 October 2020
104,Jofra Archer,4,31,2,12,MI,Zayed Cricket Stadium,25 October 2020
105,Jason Holder,4,25,2,12,MI,Sharjah Cricket Stadium,03 November 2020
106,Anrich Nortje,4,21,2,12,CSK,Dubai International Stadium,25 September 2020
107,Trent Boult,4,26,2,12,RR,Zayed Cricket Stadium,06 October 2020
108,Karn Sharma,4,37,2,12,SRH,Dubai International Stadium,13 October 2020
109,Anrich Nortje,4,27,2,12,KKR,Zayed Cricket Stadium,24 October 2020
110,Shivam Mavi,4,15,2,12,RR,Dubai International Stadium,01 November 2020
111,Rahul Chahar,4,26,2,12,KKR,Zayed Cricket Stadium,23 September 2020
112,Jasprit Bumrah,4,41,2,12,SRH,Sharjah Cricket Stadium,04 October 2020
113,Rashid Khan,4,25,2,12,RR,Dubai International Stadium,11 October 2020
114,Jofra Archer,4,21,2,12,SRH,Dubai International Stadium,22 October 2020
115,Jofra Archer,4,26,2,12,PBKS,Zayed Cricket Stadium,30 October 2020
116,Sheldon Cottrell,4,24,2,12,DC,Dubai International Stadium,20 September 2020
117,James Pattinson,4,28,2,12,PBKS,Zayed Cricket Stadium,01 October 2020
118,Rahul Chahar,4,33,2,12,PBKS,Dubai International Stadium,18 October 2020
119,Sandeep Sharma,4,27,2,12,DC,Dubai International Stadium,27 October 2020
120,Kagiso Rabada,4,21,2,12,SRH,Zayed Cricket Stadium,29 September 2020
121,Mohammad Shami,4,45,2,12,RCB,Sharjah Cricket Stadium,15 October 2020
122,Rashid Khan,4,14,2,12,PBKS,Dubai International Stadium,24 October 2020
123,Mohammed Siraj,4,34,2,12,DC,Dubai International Stadium,05 October 2020
124,Sandeep Sharma,4,19,2,12,CSK,Dubai International Stadium,13 October 2020
125,Sandeep Sharma,4,20,2,12,RCB,Sharjah Cricket Stadium,31 October 2020
126,Harshal Patel,4,34,2,12,KKR,Sharjah Cricket Stadium,03 October 2020
127,Shardul Thakur,4,40,2,12,RCB,Dubai International Stadium,10 October 2020
128,Mohammad Shami,4,28,2,12,DC,Dubai International Stadium,20 October 2020
129,Nathan Coulter-Nile,4,29,2,12,DC,Dubai International Stadium,10 November 2020
130,Ravindra Jadeja,4,42,2,12,MI,Zayed Cricket Stadium,19 September 2020
131,Shivam Mavi,4,20,2,12,RR,Dubai International Stadium,30 September 2020
132,Anrich Nortje,4,44,2,12,CSK,Sharjah Cricket Stadium,17 October 2020
133,Anrich Nortje,4,33,2,12,RR,Dubai International Stadium,14 October 2020
134,Varun Chakaravarthy,4,20,2,12,RR,Dubai International Stadium,01 November 2020
135,Jasprit Bumrah,4,32,2,12,KKR,Zayed Cricket Stadium,23 September 2020
136,James Pattinson,4,29,2,12,SRH,Sharjah Cricket Stadium,04 October 2020
137,Krunal Pandya,4,26,2,12,DC,Zayed Cricket Stadium,11 October 2020
138,Ben Stokes,4,32,2,12,PBKS,Zayed Cricket Stadium,30 October 2020
139,Deepak Chahar,4,31,2,12,SRH,Dubai International Stadium,02 October 2020
140,T Natarajan,4,26,2,12,DC,Dubai International Stadium,27 October 2020
141,Mohammed Siraj,4,28,2,12,SRH,Zayed Cricket Stadium,06 November 2020
142,Bhuvneshwar Kumar,4,25,2,12,DC,Zayed Cricket Stadium,29 September 2020
143,Sam Curran,4,26,2,12,KKR,Zayed Cricket Stadium,07 October 2020
144,Murugan Ashwin,4,23,2,12,RCB,Sharjah Cricket Stadium,15 October 2020
145,Deepak Chahar,4,31,2,12,RCB,Dubai International Stadium,25 October 2020
146,Shahbaz Ahmed,4,26,2,12,DC,Zayed Cricket Stadium,02 November 2020
147,Axar Patel,4,18,2,12,RCB,Dubai International Stadium,05 October 2020
148,T Natarajan,4,41,2,12,CSK,Dubai International Stadium,13 October 2020
149,Jason Holder,4,27,2,12,RCB,Sharjah Cricket Stadium,31 October 2020
150,Kagiso Rabada,4,27,2,12,PBKS,Dubai International Stadium,20 October 2020